{
  "timestamp": "2026-07-11T21:41:52Z",
  "status": "PASSED",
  "benchmarks": {
    "p50": 525.8731670328416,
    "p95": 889.4865419715643,
    "p99": 1612.6483749831095,
    "avg": 589.31065414974,
    "runs": 100
  },
  "security_verified": true
}