{
  "timestamp": "2026-07-05T09:31:14Z",
  "status": "PASSED",
  "benchmarks": {
    "p50": 91.95533299498493,
    "p95": 1148.9807089965325,
    "p99": 2301.5622079983586,
    "avg": 200.12618996945093,
    "runs": 100
  },
  "security_verified": true
}